V,0,220609996160797,1000000000,13:16:49:29.884,0
A,0,220609996160797,1000000000,13:16:49:29.884,0
D,0,220609996160797,1000000000,13:16:49:29.884,0
V,1,220610029491217,1000000000,13:16:50:00.884,0
D,1,220610029491218,1000000000,13:16:50:00.884,0
V,2,220610062837182,1000000000,13:16:50:01.885,0
D,2,220610062837181,1000000000,13:16:50:01.885,0
V,3,220610096162366,1000000000,13:16:50:02.884,0
D,3,220610096162366,1000000000,13:16:50:02.884,0
V,4,220610129509871,1000000000,13:16:50:03.885,0
D,4,220610129509872,1000000000,13:16:50:03.885,0
V,5,220610162839512,1000000000,13:16:50:04.885,0
D,5,220610162839512,1000000000,13:16:50:04.885,0
V,6,220610196178019,1000000000,13:16:50:05.885,0
D,6,220610196178019,1000000000,13:16:50:05.885,0
V,7,220610229510233,1000000000,13:16:50:06.885,0
D,7,220610229510233,1000000000,13:16:50:06.885,0
V,8,220610262847916,1000000000,13:16:50:07.885,0
D,8,220610262847916,1000000000,13:16:50:07.885,0
V,9,220610296171017,1000000000,13:16:50:08.885,0
D,9,220610296171016,1000000000,13:16:50:08.885,0
V,10,220610329505606,1000000000,13:16:50:09.885,0
D,10,220610329505606,1000000000,13:16:50:09.885,0
V,11,220610362840539,1000000000,13:16:50:10.885,0
D,11,220610362840538,1000000000,13:16:50:10.885,0
V,12,220610396173712,1000000000,13:16:50:11.885,0
D,12,220610396173712,1000000000,13:16:50:11.885,0
V,13,220610429510590,1000000000,13:16:50:12.885,0
D,13,220610429510590,1000000000,13:16:50:12.885,0
V,14,220610462840942,1000000000,13:16:50:13.885,0
D,14,220610462840942,1000000000,13:16:50:13.885,0
V,15,220610496183156,1000000000,13:16:50:14.885,0
D,15,220610496183156,1000000000,13:16:50:14.885,0
V,16,220610529512451,1000000000,13:16:50:15.885,0
D,16,220610529512451,1000000000,13:16:50:15.885,0
V,17,220610562850761,1000000000,13:16:50:16.885,0
D,17,220610562850761,1000000000,13:16:50:16.885,0
V,18,220610596192099,1000000000,13:16:50:17.885,0
D,18,220610596192099,1000000000,13:16:50:17.885,0
V,19,220610629525908,1000000000,13:16:50:18.885,0
D,19,220610629525908,1000000000,13:16:50:18.885,0
V,20,220610662852872,1000000000,13:16:50:19.885,0
D,20,220610662852872,1000000000,13:16:50:19.885,0
V,21,220610696194472,1000000000,13:16:50:20.885,0
D,21,220610696194472,1000000000,13:16:50:20.885,0
V,22,220610729523603,1000000000,13:16:50:21.885,0
D,22,220610729523603,1000000000,13:16:50:21.885,0
V,23,220610762862858,1000000000,13:16:50:22.885,0
D,23,220610762862859,1000000000,13:16:50:22.885,0
V,24,220610796202707,1000000000,13:16:50:23.886,0
D,24,220610796202707,1000000000,13:16:50:23.886,0
V,25,220610829545297,1000000000,13:16:50:24.886,0
D,25,220610829545297,1000000000,13:16:50:24.886,0
V,26,220610862874604,1000000000,13:16:50:25.886,0
D,26,220610862874604,1000000000,13:16:50:25.886,0
V,27,220610896216443,1000000000,13:16:50:26.886,0
D,27,220610896216443,1000000000,13:16:50:26.886,0
V,28,220610929538959,1000000000,13:16:50:27.886,0
D,28,220610929538960,1000000000,13:16:50:27.886,0
V,29,220610962886049,1000000000,13:16:50:28.886,0
D,29,220610962886049,1000000000,13:16:50:28.886,0
V,30,220610996206649,1000000000,13:16:50:29.886,0
D,30,220610996206649,1000000000,13:16:50:29.886,0
V,31,220611029550614,1000000000,13:16:51:00.886,0
D,31,220611029550614,1000000000,13:16:51:00.886,0
V,32,220611062874035,1000000000,13:16:51:01.886,0
D,32,220611062874034,1000000000,13:16:51:01.886,0
V,33,220611096219802,1000000000,13:16:51:02.886,0
D,33,220611096219801,1000000000,13:16:51:02.886,0
V,34,220611129551723,1000000000,13:16:51:03.886,0
D,34,220611129551723,1000000000,13:16:51:03.886,0
V,35,220611162877073,1000000000,13:16:51:04.886,0
D,35,220611162877074,1000000000,13:16:51:04.886,0
V,36,220611196232162,1000000000,13:16:51:05.886,0
D,36,220611196232162,1000000000,13:16:51:05.886,0
V,37,220611229557595,1000000000,13:16:51:06.886,0
D,37,220611229557596,1000000000,13:16:51:06.886,0
V,38,220611262884142,1000000000,13:16:51:07.886,0
D,38,220611262884142,1000000000,13:16:51:07.886,0
V,39,220611296237063,1000000000,13:16:51:08.887,0
D,39,220611296237064,1000000000,13:16:51:08.887,0
V,40,220611329567455,1000000000,13:16:51:09.887,0
D,40,220611329567455,1000000000,13:16:51:09.887,0
V,41,220611362888088,1000000000,13:16:51:10.886,0
D,41,220611362888087,1000000000,13:16:51:10.886,0
V,42,220611396237394,1000000000,13:16:51:11.887,0
D,42,220611396237395,1000000000,13:16:51:11.887,0
V,43,220611429578733,1000000000,13:16:51:12.887,0
D,43,220611429578733,1000000000,13:16:51:12.887,0
V,44,220611462905709,1000000000,13:16:51:13.887,0
D,44,220611462905708,1000000000,13:16:51:13.887,0
V,45,220611496228172,1000000000,13:16:51:14.886,0
D,45,220611496228172,1000000000,13:16:51:14.886,0
V,46,220611529571566,1000000000,13:16:51:15.887,0
D,46,220611529571566,1000000000,13:16:51:15.887,0
V,47,220611562917071,1000000000,13:16:51:16.887,0
D,47,220611562917071,1000000000,13:16:51:16.887,0
V,48,220611596241036,1000000000,13:16:51:17.887,0
D,48,220611596241035,1000000000,13:16:51:17.887,0
V,49,220611629581719,1000000000,13:16:51:18.887,0
D,49,220611629581719,1000000000,13:16:51:18.887,0
V,50,220611662907141,1000000000,13:16:51:19.887,0
D,50,220611662907141,1000000000,13:16:51:19.887,0
V,51,220611696251740,1000000000,13:16:51:20.887,0
D,51,220611696251740,1000000000,13:16:51:20.887,0
V,52,220611729575288,1000000000,13:16:51:21.887,0
D,52,220611729575289,1000000000,13:16:51:21.887,0
V,53,220611762921887,1000000000,13:16:51:22.887,0
D,53,220611762921887,1000000000,13:16:51:22.887,0
V,54,220611796246437,1000000000,13:16:51:23.887,0
D,54,220611796246436,1000000000,13:16:51:23.887,0
V,55,220611829598938,1000000000,13:16:51:24.887,0
D,55,220611829598939,1000000000,13:16:51:24.887,0
V,56,220611862929329,1000000000,13:16:51:25.887,0
D,56,220611862929329,1000000000,13:16:51:25.887,0
V,57,220611896255043,1000000000,13:16:51:26.887,0
D,57,220611896255043,1000000000,13:16:51:26.887,0
V,58,220611929583892,1000000000,13:16:51:27.887,0
D,58,220611929583892,1000000000,13:16:51:27.887,0
V,59,220611962937024,1000000000,13:16:51:28.888,0
D,59,220611962937023,1000000000,13:16:51:28.888,0
V,60,220611996264666,1000000000,13:16:51:29.887,0
D,60,220611996264667,1000000000,13:16:51:29.887,0
V,61,220612029596463,1000000000,13:16:52:00.887,0
D,61,220612029596462,1000000000,13:16:52:00.887,0
V,62,220612062943313,1000000000,13:16:52:01.888,0
D,62,220612062943312,1000000000,13:16:52:01.888,0
V,63,220612096277984,1000000000,13:16:52:02.888,0
D,63,220612096277984,1000000000,13:16:52:02.888,0
V,64,220612129605656,1000000000,13:16:52:03.888,0
D,64,220612129605656,1000000000,13:16:52:03.888,0
V,65,220612162940257,1000000000,13:16:52:04.888,0
D,65,220612162940257,1000000000,13:16:52:04.888,0
V,66,220612196280725,1000000000,13:16:52:05.888,0
D,66,220612196280724,1000000000,13:16:52:05.888,0
V,67,220612229614199,1000000000,13:16:52:06.888,0
D,67,220612229614199,1000000000,13:16:52:06.888,0
V,68,220612262947537,1000000000,13:16:52:07.888,0
D,68,220612262947537,1000000000,13:16:52:07.888,0
V,69,220612296280637,1000000000,13:16:52:08.888,0
D,69,220612296280637,1000000000,13:16:52:08.888,0
V,70,220612329609269,1000000000,13:16:52:09.888,0
D,70,220612329609269,1000000000,13:16:52:09.888,0
V,71,220612362956440,1000000000,13:16:52:10.888,0
D,71,220612362956440,1000000000,13:16:52:10.888,0
V,72,220612396282665,1000000000,13:16:52:11.888,0
D,72,220612396282665,1000000000,13:16:52:11.888,0
V,73,220612429613797,1000000000,13:16:52:12.888,0
D,73,220612429613796,1000000000,13:16:52:12.888,0
V,74,220612462960979,1000000000,13:16:52:13.888,0
D,74,220612462960979,1000000000,13:16:52:13.888,0
V,75,220612496283232,1000000000,13:16:52:14.888,0
D,75,220612496283232,1000000000,13:16:52:14.888,0
V,76,220612529626875,1000000000,13:16:52:15.888,0
D,76,220612529626874,1000000000,13:16:52:15.888,0
V,77,220612562968922,1000000000,13:16:52:16.889,0
D,77,220612562968923,1000000000,13:16:52:16.889,0
V,78,220612596300188,1000000000,13:16:52:17.889,0
D,78,220612596300188,1000000000,13:16:52:17.889,0
V,79,220612629636694,1000000000,13:16:52:18.889,0
D,79,220612629636695,1000000000,13:16:52:18.889,0
V,80,220612662964574,1000000000,13:16:52:19.888,0
D,80,220612662964574,1000000000,13:16:52:19.888,0
V,81,220612696308383,1000000000,13:16:52:20.889,0
D,81,220612696308382,1000000000,13:16:52:20.889,0
V,82,220612729628805,1000000000,13:16:52:21.888,0
D,82,220612729628805,1000000000,13:16:52:21.888,0
V,83,220612762976572,1000000000,13:16:52:22.889,0
D,83,220612762976572,1000000000,13:16:52:22.889,0
V,84,220612796315160,1000000000,13:16:52:23.889,0
D,84,220612796315161,1000000000,13:16:52:23.889,0
V,85,220612829640760,1000000000,13:16:52:24.889,0
D,85,220612829640760,1000000000,13:16:52:24.889,0
V,86,220612862971100,1000000000,13:16:52:25.889,0
D,86,220612862971100,1000000000,13:16:52:25.889,0
V,87,220612896303939,1000000000,13:16:52:26.889,0
D,87,220612896303939,1000000000,13:16:52:26.889,0
V,88,220612929657330,1000000000,13:16:52:27.889,0
D,88,220612929657329,1000000000,13:16:52:27.889,0
V,89,220612962983044,1000000000,13:16:52:28.889,0
D,89,220612962983045,1000000000,13:16:52:28.889,0
V,90,220612996312728,1000000000,13:16:52:29.889,0
D,90,220612996312728,1000000000,13:16:52:29.889,0
V,91,220613029643400,1000000000,13:16:53:00.889,0
D,91,220613029643399,1000000000,13:16:53:00.889,0
V,92,220613062986957,1000000000,13:16:53:01.889,0
D,92,220613062986957,1000000000,13:16:53:01.889,0
V,93,220613096332713,1000000000,13:16:53:02.889,0
D,93,220613096332712,1000000000,13:16:53:02.889,0
V,94,220613129662480,1000000000,13:16:53:03.889,0
D,94,220613129662479,1000000000,13:16:53:03.889,0
V,95,220613162989902,1000000000,13:16:53:04.889,0
D,95,220613162989902,1000000000,13:16:53:04.889,0
V,96,220613196320491,1000000000,13:16:53:05.889,0
D,96,220613196320491,1000000000,13:16:53:05.889,0
V,97,220613229670090,1000000000,13:16:53:06.890,0
D,97,220613229670090,1000000000,13:16:53:06.890,0
V,98,220613262994597,1000000000,13:16:53:07.889,0
D,98,220613262994596,1000000000,13:16:53:07.889,0
V,99,220613296340320,1000000000,13:16:53:08.890,0
D,99,220613296340321,1000000000,13:16:53:08.890,0
V,100,220613329670285,1000000000,13:16:53:09.890,0
D,100,220613329670285,1000000000,13:16:53:09.890,0
V,101,220613363004552,1000000000,13:16:53:10.890,0
D,101,220613363004552,1000000000,13:16:53:10.890,0
V,102,220613396348558,1000000000,13:16:53:11.890,0
D,102,220613396348557,1000000000,13:16:53:11.890,0
V,103,220613429672396,1000000000,13:16:53:12.890,0
D,103,220613429672396,1000000000,13:16:53:12.890,0
V,104,220613463015954,1000000000,13:16:53:13.890,0
D,104,220613463015953,1000000000,13:16:53:13.890,0
V,105,220613496340837,1000000000,13:16:53:14.890,0
D,105,220613496340837,1000000000,13:16:53:14.890,0
V,106,220613529685062,1000000000,13:16:53:15.890,0
D,106,220613529685063,1000000000,13:16:53:15.890,0
V,107,220613563004860,1000000000,13:16:53:16.890,0
D,107,220613563004860,1000000000,13:16:53:16.890,0
V,108,220613596355626,1000000000,13:16:53:17.890,0
D,108,220613596355626,1000000000,13:16:53:17.890,0
V,109,220613629691715,1000000000,13:16:53:18.890,0
D,109,220613629691715,1000000000,13:16:53:18.890,0
V,110,220613663027690,1000000000,13:16:53:19.890,0
D,110,220613663027690,1000000000,13:16:53:19.890,0
V,111,220613696357820,1000000000,13:16:53:20.890,0
D,111,220613696357819,1000000000,13:16:53:20.890,0
V,112,220613729681369,1000000000,13:16:53:21.890,0
D,112,220613729681369,1000000000,13:16:53:21.890,0
V,113,220613763026509,1000000000,13:16:53:22.890,0
D,113,220613763026509,1000000000,13:16:53:22.890,0
V,114,220613796369682,1000000000,13:16:53:23.891,0
D,114,220613796369681,1000000000,13:16:53:23.891,0
V,115,220613829703324,1000000000,13:16:53:24.891,0
D,115,220613829703323,1000000000,13:16:53:24.891,0
V,116,220613863038371,1000000000,13:16:53:25.891,0
D,116,220613863038371,1000000000,13:16:53:25.891,0
V,117,220613896367428,1000000000,13:16:53:26.891,0
D,117,220613896367428,1000000000,13:16:53:26.891,0
V,118,220613929708059,1000000000,13:16:53:27.891,0
D,118,220613929708059,1000000000,13:16:53:27.891,0
V,119,220613963038523,1000000000,13:16:53:28.891,0
D,119,220613963038523,1000000000,13:16:53:28.891,0
V,120,220613996369457,1000000000,13:16:53:29.891,0
D,120,220613996369457,1000000000,13:16:53:29.891,0
V,121,220614029715754,1000000000,13:16:54:00.891,0
D,121,220614029715753,1000000000,13:16:54:00.891,0
V,122,220614063044477,1000000000,13:16:54:01.891,0
D,122,220614063044478,1000000000,13:16:54:01.891,0
V,123,220614096383692,1000000000,13:16:54:02.891,0
D,123,220614096383692,1000000000,13:16:54:02.891,0
V,124,220614129717333,1000000000,13:16:54:03.891,0
D,124,220614129717334,1000000000,13:16:54:03.891,0
V,125,220614163053798,1000000000,13:16:54:04.891,0
D,125,220614163053798,1000000000,13:16:54:04.891,0
V,126,220614196386146,1000000000,13:16:54:05.891,0
D,126,220614196386146,1000000000,13:16:54:05.891,0
V,127,220614229709362,1000000000,13:16:54:06.891,0
D,127,220614229709362,1000000000,13:16:54:06.891,0
V,128,220614263051074,1000000000,13:16:54:07.891,0
D,128,220614263051074,1000000000,13:16:54:07.891,0
V,129,220614296392675,1000000000,13:16:54:08.891,0
D,129,220614296392675,1000000000,13:16:54:08.891,0
V,130,220614329730307,1000000000,13:16:54:09.891,0
D,130,220614329730307,1000000000,13:16:54:09.891,0
V,131,220614363055906,1000000000,13:16:54:10.891,0
D,131,220614363055905,1000000000,13:16:54:10.891,0
V,132,220614396389495,1000000000,13:16:54:11.891,0
D,132,220614396389495,1000000000,13:16:54:11.891,0
V,133,220614429727927,1000000000,13:16:54:12.891,0
D,133,220614429727927,1000000000,13:16:54:12.891,0
V,134,220614463064891,1000000000,13:16:54:13.891,0
D,134,220614463064889,1000000000,13:16:54:13.891,0
V,135,220614496393354,1000000000,13:16:54:14.891,0
D,135,220614496393354,1000000000,13:16:54:14.891,0
V,136,220614529723994,1000000000,13:16:54:15.891,0
D,136,220614529723995,1000000000,13:16:54:15.891,0
V,137,220614563077251,1000000000,13:16:54:16.892,0
D,137,220614563077251,1000000000,13:16:54:16.892,0
V,138,220614596400267,1000000000,13:16:54:17.892,0
D,138,220614596400267,1000000000,13:16:54:17.892,0
V,139,220614629730064,1000000000,13:16:54:18.891,0
D,139,220614629730064,1000000000,13:16:54:18.891,0
V,140,220614663078581,1000000000,13:16:54:19.892,0
D,140,220614663078580,1000000000,13:16:54:19.892,0
V,141,220614696413877,1000000000,13:16:54:20.892,0
D,141,220614696413878,1000000000,13:16:54:20.892,0
V,142,220614729744062,1000000000,13:16:54:21.892,0
D,142,220614729744061,1000000000,13:16:54:21.892,0
V,143,220614763084067,1000000000,13:16:54:22.892,0
D,143,220614763084066,1000000000,13:16:54:22.892,0
V,144,220614796409364,1000000000,13:16:54:23.892,0
D,144,220614796409364,1000000000,13:16:54:23.892,0
V,145,220614829752006,1000000000,13:16:54:24.892,0
D,145,220614829752005,1000000000,13:16:54:24.892,0
V,146,220614863072303,1000000000,13:16:54:25.892,0
D,146,220614863072302,1000000000,13:16:54:25.892,0
V,147,220614896419652,1000000000,13:16:54:26.892,0
D,147,220614896419653,1000000000,13:16:54:26.892,0
V,148,220614929744782,1000000000,13:16:54:27.892,0
D,148,220614929744783,1000000000,13:16:54:27.892,0
V,149,220614963080091,1000000000,13:16:54:28.892,0
D,149,220614963080091,1000000000,13:16:54:28.892,0
V,150,220614996431014,1000000000,13:16:54:29.892,0
D,150,220614996431014,1000000000,13:16:54:29.892,0
V,151,220615029754143,1000000000,13:16:55:00.892,0
D,151,220615029754143,1000000000,13:16:55:00.892,0
V,152,220615063102244,1000000000,13:16:55:01.893,0
D,152,220615063102244,1000000000,13:16:55:01.893,0
V,153,220615096419040,1000000000,13:16:55:02.892,0
D,153,220615096419040,1000000000,13:16:55:02.892,0
V,154,220615129772350,1000000000,13:16:55:03.893,0
D,154,220615129772350,1000000000,13:16:55:03.893,0
V,155,220615163090647,1000000000,13:16:55:04.892,0
D,155,220615163090647,1000000000,13:16:55:04.892,0
V,156,220615196441790,1000000000,13:16:55:05.893,0
D,156,220615196441790,1000000000,13:16:55:05.893,0
V,157,220615229772628,1000000000,13:16:55:06.893,0
D,157,220615229772628,1000000000,13:16:55:06.893,0
V,158,220615263098603,1000000000,13:16:55:07.892,0
D,158,220615263098603,1000000000,13:16:55:07.892,0
V,159,220615296428817,1000000000,13:16:55:08.892,0
D,159,220615296428817,1000000000,13:16:55:08.892,0
V,160,220615329766489,1000000000,13:16:55:09.892,0
D,160,220615329766489,1000000000,13:16:55:09.892,0
V,161,220615363101506,1000000000,13:16:55:10.893,0
D,161,220615363101505,1000000000,13:16:55:10.893,0
V,162,220615396438970,1000000000,13:16:55:11.893,0
D,162,220615396438969,1000000000,13:16:55:11.893,0
V,163,220615429783319,1000000000,13:16:55:12.893,0
D,163,220615429783319,1000000000,13:16:55:12.893,0
V,164,220615463117784,1000000000,13:16:55:13.893,0
D,164,220615463117784,1000000000,13:16:55:13.893,0
V,165,220615496446967,1000000000,13:16:55:14.893,0
D,165,220615496446966,1000000000,13:16:55:14.893,0
V,166,220615529792680,1000000000,13:16:55:15.893,0
D,166,220615529792680,1000000000,13:16:55:15.893,0
V,167,220615563109560,1000000000,13:16:55:16.893,0
D,167,220615563109561,1000000000,13:16:55:16.893,0
V,168,220615596446537,1000000000,13:16:55:17.893,0
D,168,220615596446536,1000000000,13:16:55:17.893,0
V,169,220615629794333,1000000000,13:16:55:18.893,0
D,169,220615629794334,1000000000,13:16:55:18.893,0
V,170,220615663131557,1000000000,13:16:55:19.893,0
D,170,220615663131558,1000000000,13:16:55:19.893,0
V,171,220615696465396,1000000000,13:16:55:20.893,0
D,171,220615696465397,1000000000,13:16:55:20.893,0
V,172,220615729800413,1000000000,13:16:55:21.894,0
D,172,220615729800414,1000000000,13:16:55:21.894,0
V,173,220615763138461,1000000000,13:16:55:22.894,0
D,173,220615763138460,1000000000,13:16:55:22.894,0
V,174,220615796468061,1000000000,13:16:55:23.894,0
D,174,220615796468061,1000000000,13:16:55:23.894,0
V,175,220615829810235,1000000000,13:16:55:24.894,0
D,175,220615829810235,1000000000,13:16:55:24.894,0
V,176,220615863139865,1000000000,13:16:55:25.894,0
D,176,220615863139865,1000000000,13:16:55:25.894,0
V,177,220615896477423,1000000000,13:16:55:26.894,0
D,177,220615896477423,1000000000,13:16:55:26.894,0
V,178,220615929811429,1000000000,13:16:55:27.894,0
D,178,220615929811429,1000000000,13:16:55:27.894,0
V,179,220615963137820,1000000000,13:16:55:28.894,0
D,179,220615963137820,1000000000,13:16:55:28.894,0
V,180,220615996472826,1000000000,13:16:55:29.894,0
D,180,220615996472825,1000000000,13:16:55:29.894,0
V,181,220616029818010,1000000000,13:16:56:00.894,0
D,181,220616029818009,1000000000,13:16:56:00.894,0
V,182,220616063138347,1000000000,13:16:56:01.894,0
D,182,220616063138347,1000000000,13:16:56:01.894,0
V,183,220616096478072,1000000000,13:16:56:02.894,0
D,183,220616096478073,1000000000,13:16:56:02.894,0
V,184,220616129821743,1000000000,13:16:56:03.894,0
D,184,220616129821743,1000000000,13:16:56:03.894,0
V,185,220616163158039,1000000000,13:16:56:04.894,0
D,185,220616163158040,1000000000,13:16:56:04.894,0
V,186,220616196489890,1000000000,13:16:56:05.894,0
D,186,220616196489890,1000000000,13:16:56:05.894,0
V,187,220616229824811,1000000000,13:16:56:06.894,0
D,187,220616229824811,1000000000,13:16:56:06.894,0
V,188,220616263160827,1000000000,13:16:56:07.894,0
D,188,220616263160827,1000000000,13:16:56:07.894,0
V,189,220616296485625,1000000000,13:16:56:08.894,0
D,189,220616296485624,1000000000,13:16:56:08.894,0
V,190,220616329831933,1000000000,13:16:56:09.894,0
D,190,220616329831933,1000000000,13:16:56:09.894,0
V,191,220616363159064,1000000000,13:16:56:10.894,0
D,191,220616363159063,1000000000,13:16:56:10.894,0
V,192,220616396506820,1000000000,13:16:56:11.895,0
D,192,220616396506819,1000000000,13:16:56:11.895,0
V,193,220616429822086,1000000000,13:16:56:12.894,0
D,193,220616429822087,1000000000,13:16:56:12.894,0
V,194,220616463174551,1000000000,13:16:56:13.895,0
D,194,220616463174551,1000000000,13:16:56:13.895,0
V,195,220616496502108,1000000000,13:16:56:14.895,0
D,195,220616496502108,1000000000,13:16:56:14.895,0
V,196,220616529843114,1000000000,13:16:56:15.895,0
D,196,220616529843115,1000000000,13:16:56:15.895,0
V,197,220616563174173,1000000000,13:16:56:16.895,0
D,197,220616563174173,1000000000,13:16:56:16.895,0
V,198,220616596513595,1000000000,13:16:56:17.895,0
D,198,220616596513595,1000000000,13:16:56:17.895,0
V,199,220616629846111,1000000000,13:16:56:18.895,0
D,199,220616629846111,1000000000,13:16:56:18.895,0
V,200,220616663187408,1000000000,13:16:56:19.895,0
D,200,220616663187408,1000000000,13:16:56:19.895,0
V,201,220616696512706,1000000000,13:16:56:20.895,0
D,201,220616696512705,1000000000,13:16:56:20.895,0
V,202,220616729856889,1000000000,13:16:56:21.895,0
D,202,220616729856889,1000000000,13:16:56:21.895,0
V,203,220616763189978,1000000000,13:16:56:22.895,0
D,203,220616763189977,1000000000,13:16:56:22.895,0
V,204,220616796525120,1000000000,13:16:56:23.895,0
D,204,220616796525121,1000000000,13:16:56:23.895,0
V,205,220616829843918,1000000000,13:16:56:24.895,0
D,205,220616829843918,1000000000,13:16:56:24.895,0
V,206,220616863192268,1000000000,13:16:56:25.895,0
D,206,220616863192268,1000000000,13:16:56:25.895,0
V,207,220616896533066,1000000000,13:16:56:26.895,0
D,207,220616896533066,1000000000,13:16:56:26.895,0
V,208,220616929860613,1000000000,13:16:56:27.895,0
D,208,220616929860613,1000000000,13:16:56:27.895,0
V,209,220616963184961,1000000000,13:16:56:28.895,0
D,209,220616963184961,1000000000,13:16:56:28.895,0
V,210,220616996527218,1000000000,13:16:56:29.895,0
D,210,220616996527218,1000000000,13:16:56:29.895,0
V,211,220617029863902,1000000000,13:16:57:00.895,0
D,211,220617029863901,1000000000,13:16:57:00.895,0
V,212,220617063194739,1000000000,13:16:57:01.895,0
D,212,220617063194740,1000000000,13:16:57:01.895,0
V,213,220617096523423,1000000000,13:16:57:02.895,0
D,213,220617096523424,1000000000,13:16:57:02.895,0
V,214,220617129866346,1000000000,13:16:57:03.895,0
D,214,220617129866347,1000000000,13:16:57:03.895,0
V,215,220617163207071,1000000000,13:16:57:04.896,0
D,215,220617163207070,1000000000,13:16:57:04.896,0
V,216,220617196549076,1000000000,13:16:57:05.896,0
D,216,220617196549076,1000000000,13:16:57:05.896,0
V,217,220617229878290,1000000000,13:16:57:06.896,0
D,217,220617229878290,1000000000,13:16:57:06.896,0
V,218,220617263214223,1000000000,13:16:57:07.896,0
D,218,220617263214224,1000000000,13:16:57:07.896,0
V,219,220617296553896,1000000000,13:16:57:08.896,0
D,219,220617296553896,1000000000,13:16:57:08.896,0
V,220,220617329880244,1000000000,13:16:57:09.896,0
D,220,220617329880245,1000000000,13:16:57:09.896,0
V,221,220617363218375,1000000000,13:16:57:10.896,0
D,221,220617363218376,1000000000,13:16:57:10.896,0
V,222,220617396546893,1000000000,13:16:57:11.896,0
D,222,220617396546894,1000000000,13:16:57:11.896,0
V,223,220617429894232,1000000000,13:16:57:12.896,0
D,223,220617429894232,1000000000,13:16:57:12.896,0
V,224,220617463218235,1000000000,13:16:57:13.896,0
D,224,220617463218235,1000000000,13:16:57:13.896,0
V,225,220617496556252,1000000000,13:16:57:14.896,0
D,225,220617496556252,1000000000,13:16:57:14.896,0
V,226,220617529887840,1000000000,13:16:57:15.896,0
D,226,220617529887841,1000000000,13:16:57:15.896,0
V,227,220617563229315,1000000000,13:16:57:16.896,0
D,227,220617563229316,1000000000,13:16:57:16.896,0
V,228,220617596549779,1000000000,13:16:57:17.896,0
D,228,220617596549778,1000000000,13:16:57:17.896,0
V,229,220617629893129,1000000000,13:16:57:18.896,0
D,229,220617629893129,1000000000,13:16:57:18.896,0
V,230,220617663237759,1000000000,13:16:57:19.897,0
D,230,220617663237760,1000000000,13:16:57:19.897,0
V,231,220617696574442,1000000000,13:16:57:20.897,0
D,231,220617696574443,1000000000,13:16:57:20.897,0
V,232,220617729891698,1000000000,13:16:57:21.896,0
D,232,220617729891698,1000000000,13:16:57:21.896,0
V,233,220617763233996,1000000000,13:16:57:22.897,0
D,233,220617763233996,1000000000,13:16:57:22.897,0
V,234,220617796572471,1000000000,13:16:57:23.897,0
D,234,220617796572472,1000000000,13:16:57:23.897,0
V,235,220617829915145,1000000000,13:16:57:24.897,0
D,235,220617829915145,1000000000,13:16:57:24.897,0
V,236,220617863238202,1000000000,13:16:57:25.897,0
D,236,220617863238202,1000000000,13:16:57:25.897,0
V,237,220617896567585,1000000000,13:16:57:26.897,0
D,237,220617896567584,1000000000,13:16:57:26.897,0
V,238,220617929911558,1000000000,13:16:57:27.897,0
D,238,220617929911558,1000000000,13:16:57:27.897,0
V,239,220617963235856,1000000000,13:16:57:28.897,0
D,239,220617963235855,1000000000,13:16:57:28.897,0
V,240,220617996575028,1000000000,13:16:57:29.897,0
D,240,220617996575028,1000000000,13:16:57:29.897,0
V,241,220618029913544,1000000000,13:16:58:00.897,0
D,241,220618029913544,1000000000,13:16:58:00.897,0
V,242,220618063246758,1000000000,13:16:58:01.897,0
D,242,220618063246758,1000000000,13:16:58:01.897,0
V,243,220618096591607,1000000000,13:16:58:02.897,0
D,243,220618096591607,1000000000,13:16:58:02.897,0
V,244,220618129916488,1000000000,13:16:58:03.897,0
D,244,220618129916489,1000000000,13:16:58:03.897,0
V,245,220618163251588,1000000000,13:16:58:04.897,0
D,245,220618163251588,1000000000,13:16:58:04.897,0
V,246,220618196583135,1000000000,13:16:58:05.897,0
D,246,220618196583135,1000000000,13:16:58:05.897,0
V,247,220618229934361,1000000000,13:16:58:06.898,0
D,247,220618229934360,1000000000,13:16:58:06.898,0
V,248,220618263253782,1000000000,13:16:58:07.897,0
D,248,220618263253781,1000000000,13:16:58:07.897,0
V,249,220618296589454,1000000000,13:16:58:08.897,0
D,249,220618296589454,1000000000,13:16:58:08.897,0
V,250,220618329939346,1000000000,13:16:58:09.898,0
D,250,220618329939346,1000000000,13:16:58:09.898,0
V,251,220618363262602,1000000000,13:16:58:10.897,0
D,251,220618363262602,1000000000,13:16:58:10.897,0
V,252,220618396604410,1000000000,13:16:58:11.898,0
D,252,220618396604410,1000000000,13:16:58:11.898,0
V,253,220618429947416,1000000000,13:16:58:12.898,0
D,253,220618429947416,1000000000,13:16:58:12.898,0
V,254,220618463279806,1000000000,13:16:58:13.898,0
D,254,220618463279806,1000000000,13:16:58:13.898,0
V,255,220618496598895,1000000000,13:16:58:14.897,0
D,255,220618496598895,1000000000,13:16:58:14.897,0
V,256,220618529938107,1000000000,13:16:58:15.898,0
D,256,220618529938107,1000000000,13:16:58:15.898,0
V,257,220618563278541,1000000000,13:16:58:16.898,0
D,257,220618563278541,1000000000,13:16:58:16.898,0
V,258,220618596622963,1000000000,13:16:58:17.898,0
D,258,220618596622963,1000000000,13:16:58:17.898,0
V,259,220618629946688,1000000000,13:16:58:18.898,0
D,259,220618629946689,1000000000,13:16:58:18.898,0
V,260,220618663276860,1000000000,13:16:58:19.898,0
D,260,220618663276860,1000000000,13:16:58:19.898,0
V,261,220618696625460,1000000000,13:16:58:20.898,0
D,261,220618696625461,1000000000,13:16:58:20.898,0
V,262,220618729948008,1000000000,13:16:58:21.898,0
D,262,220618729948008,1000000000,13:16:58:21.898,0
V,263,220618763285680,1000000000,13:16:58:22.898,0
D,263,220618763285681,1000000000,13:16:58:22.898,0
V,264,220618796616740,1000000000,13:16:58:23.898,0
D,264,220618796616740,1000000000,13:16:58:23.898,0
V,265,220618829958077,1000000000,13:16:58:24.898,0
D,265,220618829958078,1000000000,13:16:58:24.898,0
V,266,220618863291595,1000000000,13:16:58:25.898,0
D,266,220618863291593,1000000000,13:16:58:25.898,0
V,267,220618896626976,1000000000,13:16:58:26.898,0
D,267,220618896626976,1000000000,13:16:58:26.898,0
V,268,220618929964743,1000000000,13:16:58:27.898,0
D,268,220618929964742,1000000000,13:16:58:27.898,0
V,269,220618963290915,1000000000,13:16:58:28.898,0
D,269,220618963290916,1000000000,13:16:58:28.898,0
V,270,220618996628295,1000000000,13:16:58:29.898,0
D,270,220618996628294,1000000000,13:16:58:29.898,0
V,271,220619029976977,1000000000,13:16:59:00.899,0
D,271,220619029976978,1000000000,13:16:59:00.899,0
V,272,220619063293984,1000000000,13:16:59:01.898,0
D,272,220619063293983,1000000000,13:16:59:01.898,0
V,273,220619096645293,1000000000,13:16:59:02.899,0
D,273,220619096645292,1000000000,13:16:59:02.899,0
V,274,220619129982835,1000000000,13:16:59:03.899,0
D,274,220619129982835,1000000000,13:16:59:03.899,0
V,275,220619163312936,1000000000,13:16:59:04.899,0
D,275,220619163312935,1000000000,13:16:59:04.899,0
V,276,220619196637649,1000000000,13:16:59:05.899,0
D,276,220619196637648,1000000000,13:16:59:05.899,0
V,277,220619229979875,1000000000,13:16:59:06.899,0
D,277,220619229979875,1000000000,13:16:59:06.899,0
V,278,220619263308088,1000000000,13:16:59:07.899,0
D,278,220619263308089,1000000000,13:16:59:07.899,0
V,279,220619296652968,1000000000,13:16:59:08.899,0
D,279,220619296652968,1000000000,13:16:59:08.899,0
V,280,220619329991777,1000000000,13:16:59:09.899,0
D,280,220619329991778,1000000000,13:16:59:09.899,0
V,281,220619363316115,1000000000,13:16:59:10.899,0
D,281,220619363316116,1000000000,13:16:59:10.899,0
V,282,220619396656382,1000000000,13:16:59:11.899,0
D,282,220619396656383,1000000000,13:16:59:11.899,0
V,283,220619429999473,1000000000,13:16:59:12.899,0
D,283,220619429999473,1000000000,13:16:59:12.899,0
V,284,220619463327781,1000000000,13:16:59:13.899,0
D,284,220619463327781,1000000000,13:16:59:13.899,0
V,285,220619496656161,1000000000,13:16:59:14.899,0
D,285,220619496656161,1000000000,13:16:59:14.899,0
V,286,220619529999553,1000000000,13:16:59:15.899,0
D,286,220619529999553,1000000000,13:16:59:15.899,0
V,287,220619563339933,1000000000,13:16:59:16.900,0
D,287,220619563339933,1000000000,13:16:59:16.900,0
V,288,220619596660896,1000000000,13:16:59:17.899,0
D,288,220619596660896,1000000000,13:16:59:17.899,0
V,289,220619630002873,1000000000,13:16:59:18.900,0
D,289,220619630002872,1000000000,13:16:59:18.900,0
V,290,220619663327545,1000000000,13:16:59:19.899,0
D,290,220619663327545,1000000000,13:16:59:19.899,0
V,291,220619696668812,1000000000,13:16:59:20.900,0
D,291,220619696668811,1000000000,13:16:59:20.900,0
V,292,220619730004650,1000000000,13:16:59:21.900,0
D,292,220619730004649,1000000000,13:16:59:21.900,0
V,293,220619763348542,1000000000,13:16:59:22.900,0
D,293,220619763348542,1000000000,13:16:59:22.900,0
V,294,220619796665420,1000000000,13:16:59:23.899,0
D,294,220619796665421,1000000000,13:16:59:23.899,0
V,295,220619830005216,1000000000,13:16:59:24.900,0
D,295,220619830005215,1000000000,13:16:59:24.900,0
V,296,220619863351567,1000000000,13:16:59:25.900,0
D,296,220619863351568,1000000000,13:16:59:25.900,0
V,297,220619896679821,1000000000,13:16:59:26.900,0
D,297,220619896679822,1000000000,13:16:59:26.900,0
V,298,220619930020214,1000000000,13:16:59:27.900,0
D,298,220619930020214,1000000000,13:16:59:27.900,0
V,299,220619963354637,1000000000,13:16:59:28.900,0
D,299,220619963354637,1000000000,13:16:59:28.900,0
V,300,220619996692320,1000000000,13:16:59:29.900,0
D,300,220619996692320,1000000000,13:16:59:29.900,0
V,301,220620030018367,1000000000,13:17:00:00.900,0
D,301,220620030018367,1000000000,13:17:00:00.900,0
V,302,220620063361386,1000000000,13:17:00:01.900,0
D,302,220620063361386,1000000000,13:17:00:01.900,0
V,303,220620096698433,1000000000,13:17:00:02.900,0
D,303,220620096698433,1000000000,13:17:00:02.900,0
V,304,220620130021146,1000000000,13:17:00:03.900,0
D,304,220620130021146,1000000000,13:17:00:03.900,0
V,305,220620163370622,1000000000,13:17:00:04.901,0
D,305,220620163370622,1000000000,13:17:00:04.901,0
V,306,220620196686752,1000000000,13:17:00:05.900,0
D,306,220620196686752,1000000000,13:17:00:05.900,0
V,307,220620230035144,1000000000,13:17:00:06.901,0
D,307,220620230035144,1000000000,13:17:00:06.901,0
V,308,220620263361108,1000000000,13:17:00:07.900,0
D,308,220620263361107,1000000000,13:17:00:07.900,0
V,309,220620296700707,1000000000,13:17:00:08.901,0
D,309,220620296700707,1000000000,13:17:00:08.901,0
V,310,220620330031172,1000000000,13:17:00:09.900,0
D,310,220620330031172,1000000000,13:17:00:09.900,0
V,311,220620363365302,1000000000,13:17:00:10.900,0
D,311,220620363365302,1000000000,13:17:00:10.900,0
V,312,220620396697611,1000000000,13:17:00:11.900,0
D,312,220620396697611,1000000000,13:17:00:11.900,0
V,313,220620430039739,1000000000,13:17:00:12.901,0
D,313,220620430039740,1000000000,13:17:00:12.901,0
V,314,220620463379924,1000000000,13:17:00:13.901,0
D,314,220620463379924,1000000000,13:17:00:13.901,0
V,315,220620496722137,1000000000,13:17:00:14.901,0
D,315,220620496722138,1000000000,13:17:00:14.901,0
V,316,220620530048363,1000000000,13:17:00:15.901,0
D,316,220620530048362,1000000000,13:17:00:15.901,0
V,317,220620563373116,1000000000,13:17:00:16.901,0
D,317,220620563373117,1000000000,13:17:00:16.901,0
V,318,220620596719372,1000000000,13:17:00:17.901,0
D,318,220620596719372,1000000000,13:17:00:17.901,0
V,319,220620630050183,1000000000,13:17:00:18.901,0
D,319,220620630050183,1000000000,13:17:00:18.901,0
V,320,220620663396269,1000000000,13:17:00:19.901,0
D,320,220620663396269,1000000000,13:17:00:19.901,0
V,321,220620696721537,1000000000,13:17:00:20.901,0
D,321,220620696721538,1000000000,13:17:00:20.901,0
V,322,220620730053834,1000000000,13:17:00:21.901,0
D,322,220620730053834,1000000000,13:17:00:21.901,0
V,323,220620763397059,1000000000,13:17:00:22.901,0
D,323,220620763397059,1000000000,13:17:00:22.901,0
V,324,220620796719937,1000000000,13:17:00:23.901,0
D,324,220620796719938,1000000000,13:17:00:23.901,0
V,325,220620830071957,1000000000,13:17:00:24.902,0
D,325,220620830071957,1000000000,13:17:00:24.902,0
V,326,220620863391961,1000000000,13:17:00:25.901,0
D,326,220620863391960,1000000000,13:17:00:25.901,0
V,327,220620896726173,1000000000,13:17:00:26.901,0
D,327,220620896726174,1000000000,13:17:00:26.901,0
V,328,220620930074108,1000000000,13:17:00:27.902,0
D,328,220620930074107,1000000000,13:17:00:27.902,0
V,329,220620963396698,1000000000,13:17:00:28.901,0
D,329,220620963396697,1000000000,13:17:00:28.901,0
V,330,220620996740422,1000000000,13:17:00:29.902,0
D,330,220620996740422,1000000000,13:17:00:29.902,0
V,331,220621030069718,1000000000,13:17:01:00.902,0
D,331,220621030069718,1000000000,13:17:01:00.902,0
V,332,220621063409362,1000000000,13:17:01:01.902,0
D,332,220621063409361,1000000000,13:17:01:01.902,0
V,333,220621096749450,1000000000,13:17:01:02.902,0
D,333,220621096749450,1000000000,13:17:01:02.902,0
V,334,220621130078634,1000000000,13:17:01:03.902,0
D,334,220621130078634,1000000000,13:17:01:03.902,0
V,335,220621163408389,1000000000,13:17:01:04.902,0
D,335,220621163408389,1000000000,13:17:01:04.902,0
V,336,220621196742852,1000000000,13:17:01:05.902,0
D,336,220621196742852,1000000000,13:17:01:05.902,0
V,337,220621230080202,1000000000,13:17:01:06.902,0
D,337,220621230080202,1000000000,13:17:01:06.902,0
V,338,220621263420042,1000000000,13:17:01:07.902,0
D,338,220621263420041,1000000000,13:17:01:07.902,0
V,339,220621296762641,1000000000,13:17:01:08.902,0
D,339,220621296762642,1000000000,13:17:01:08.902,0
V,340,220621330082229,1000000000,13:17:01:09.902,0
D,340,220621330082229,1000000000,13:17:01:09.902,0
V,341,220621363419705,1000000000,13:17:01:10.902,0
D,341,220621363419706,1000000000,13:17:01:10.902,0
V,342,220621396756044,1000000000,13:17:01:11.902,0
D,342,220621396756044,1000000000,13:17:01:11.902,0
V,343,220621430097093,1000000000,13:17:01:12.902,0
D,343,220621430097092,1000000000,13:17:01:12.902,0
V,344,220621463427776,1000000000,13:17:01:13.902,0
D,344,220621463427776,1000000000,13:17:01:13.902,0
V,345,220621496775405,1000000000,13:17:01:14.903,0
D,345,220621496775405,1000000000,13:17:01:14.903,0
V,346,220621530101882,1000000000,13:17:01:15.903,0
D,346,220621530101882,1000000000,13:17:01:15.903,0
V,347,220621563427012,1000000000,13:17:01:16.902,0
D,347,220621563427011,1000000000,13:17:01:16.902,0
V,348,220621596771904,1000000000,13:17:01:17.903,0
D,348,220621596771904,1000000000,13:17:01:17.903,0
V,349,220621630096908,1000000000,13:17:01:18.902,0
D,349,220621630096908,1000000000,13:17:01:18.902,0
V,350,220621663437455,1000000000,13:17:01:19.903,0
D,350,220621663437454,1000000000,13:17:01:19.903,0
V,351,220621696776973,1000000000,13:17:01:20.903,0
D,351,220621696776973,1000000000,13:17:01:20.903,0
V,352,220621730117892,1000000000,13:17:01:21.903,0
D,352,220621730117892,1000000000,13:17:01:21.903,0
V,353,220621763450659,1000000000,13:17:01:22.903,0
D,353,220621763450659,1000000000,13:17:01:22.903,0
V,354,220621796772747,1000000000,13:17:01:23.903,0
D,354,220621796772747,1000000000,13:17:01:23.903,0
V,355,220621830118140,1000000000,13:17:01:24.903,0
D,355,220621830118140,1000000000,13:17:01:24.903,0
V,356,220621863455187,1000000000,13:17:01:25.903,0
D,356,220621863455187,1000000000,13:17:01:25.903,0
V,357,220621896792120,1000000000,13:17:01:26.903,0
D,357,220621896792120,1000000000,13:17:01:26.903,0
V,358,220621930126334,1000000000,13:17:01:27.903,0
D,358,220621930126334,1000000000,13:17:01:27.903,0
V,359,220621963449255,1000000000,13:17:01:28.903,0
D,359,220621963449255,1000000000,13:17:01:28.903,0
V,360,220621996799856,1000000000,13:17:01:29.903,0
D,360,220621996799856,1000000000,13:17:01:29.903,0
V,361,220622030123153,1000000000,13:17:02:00.903,0
D,361,220622030123153,1000000000,13:17:02:00.903,0
V,362,220622063462587,1000000000,13:17:02:01.903,0
D,362,220622063462587,1000000000,13:17:02:01.903,0
V,363,220622096799966,1000000000,13:17:02:02.903,0
D,363,220622096799967,1000000000,13:17:02:02.903,0
V,364,220622130141234,1000000000,13:17:02:03.904,0
D,364,220622130141234,1000000000,13:17:02:03.904,0
V,365,220622163471364,1000000000,13:17:02:04.904,0
D,365,220622163471365,1000000000,13:17:02:04.904,0
V,366,220622196804591,1000000000,13:17:02:05.904,0
D,366,220622196804589,1000000000,13:17:02:05.904,0
V,367,220622230130261,1000000000,13:17:02:06.903,0
D,367,220622230130261,1000000000,13:17:02:06.903,0
V,368,220622263464348,1000000000,13:17:02:07.903,0
D,368,220622263464348,1000000000,13:17:02:07.903,0
V,369,220622296815325,1000000000,13:17:02:08.904,0
D,369,220622296815326,1000000000,13:17:02:08.904,0
V,370,220622330152955,1000000000,13:17:02:09.904,0
D,370,220622330152955,1000000000,13:17:02:09.904,0
V,371,220622363485639,1000000000,13:17:02:10.904,0
D,371,220622363485639,1000000000,13:17:02:10.904,0
V,372,220622396822729,1000000000,13:17:02:11.904,0
D,372,220622396822730,1000000000,13:17:02:11.904,0
V,373,220622430147122,1000000000,13:17:02:12.904,0
D,373,220622430147122,1000000000,13:17:02:12.904,0
V,374,220622463490877,1000000000,13:17:02:13.904,0
D,374,220622463490877,1000000000,13:17:02:13.904,0
V,375,220622496812840,1000000000,13:17:02:14.904,0
D,375,220622496812841,1000000000,13:17:02:14.904,0
V,376,220622530159067,1000000000,13:17:02:15.904,0
D,376,220622530159066,1000000000,13:17:02:15.904,0
V,377,220622563483071,1000000000,13:17:02:16.904,0
D,377,220622563483070,1000000000,13:17:02:16.904,0
V,378,220622596828045,1000000000,13:17:02:17.904,0
D,378,220622596828046,1000000000,13:17:02:17.904,0
V,379,220622630153802,1000000000,13:17:02:18.904,0
D,379,220622630153802,1000000000,13:17:02:18.904,0
V,380,220622663497110,1000000000,13:17:02:19.904,0
D,380,220622663497109,1000000000,13:17:02:19.904,0
V,381,220622696830532,1000000000,13:17:02:20.904,0
D,381,220622696830532,1000000000,13:17:02:20.904,0
V,382,220622730167160,1000000000,13:17:02:21.905,0
D,382,220622730167160,1000000000,13:17:02:21.905,0
V,383,220622763491719,1000000000,13:17:02:22.904,0
D,383,220622763491719,1000000000,13:17:02:22.904,0
V,384,220622796828849,1000000000,13:17:02:23.904,0
D,384,220622796828848,1000000000,13:17:02:23.904,0
V,385,220622830178200,1000000000,13:17:02:24.905,0
D,385,220622830178199,1000000000,13:17:02:24.905,0
V,386,220622863494288,1000000000,13:17:02:25.904,0
D,386,220622863494288,1000000000,13:17:02:25.904,0
V,387,220622896843431,1000000000,13:17:02:26.905,0
D,387,220622896843430,1000000000,13:17:02:26.905,0
V,388,220622930176269,1000000000,13:17:02:27.905,0
D,388,220622930176269,1000000000,13:17:02:27.905,0
V,389,220622963512868,1000000000,13:17:02:28.905,0
D,389,220622963512869,1000000000,13:17:02:28.905,0
V,390,220622996848707,1000000000,13:17:02:29.905,0
D,390,220622996848708,1000000000,13:17:02:29.905,0
V,391,220623030176961,1000000000,13:17:03:00.905,0
D,391,220623030176961,1000000000,13:17:03:00.905,0
V,392,220623063504106,1000000000,13:17:03:01.905,0
D,392,220623063504106,1000000000,13:17:03:01.905,0
V,393,220623096839738,1000000000,13:17:03:02.905,0
D,393,220623096839738,1000000000,13:17:03:02.905,0
V,394,220623130174295,1000000000,13:17:03:03.905,0
D,394,220623130174296,1000000000,13:17:03:03.905,0
V,395,220623163513510,1000000000,13:17:03:04.905,0
D,395,220623163513510,1000000000,13:17:03:04.905,0
V,396,220623196845985,1000000000,13:17:03:05.905,0
D,396,220623196845984,1000000000,13:17:03:05.905,0
V,397,220623230196572,1000000000,13:17:03:06.905,0
D,397,220623230196573,1000000000,13:17:03:06.905,0
V,398,220623263525966,1000000000,13:17:03:07.905,0
D,398,220623263525967,1000000000,13:17:03:07.905,0
V,399,220623296850388,1000000000,13:17:03:08.905,0
D,399,220623296850387,1000000000,13:17:03:08.905,0
V,400,220623330191893,1000000000,13:17:03:09.905,0
D,400,220623330191892,1000000000,13:17:03:09.905,0
V,401,220623363536535,1000000000,13:17:03:10.906,0
D,401,220623363536535,1000000000,13:17:03:10.906,0
V,402,220623396873497,1000000000,13:17:03:11.906,0
D,402,220623396873497,1000000000,13:17:03:11.906,0
V,403,220623430203347,1000000000,13:17:03:12.906,0
D,403,220623430203347,1000000000,13:17:03:12.906,0
V,404,220623463540728,1000000000,13:17:03:13.906,0
D,404,220623463540728,1000000000,13:17:03:13.906,0
V,405,220623496875410,1000000000,13:17:03:14.906,0
D,405,220623496875411,1000000000,13:17:03:14.906,0
V,406,220623530208624,1000000000,13:17:03:15.906,0
D,406,220623530208624,1000000000,13:17:03:15.906,0
V,407,220623563543838,1000000000,13:17:03:16.906,0
D,407,220623563543838,1000000000,13:17:03:16.906,0
V,408,220623596884272,1000000000,13:17:03:17.906,0
D,408,220623596884271,1000000000,13:17:03:17.906,0
V,409,220623630201652,1000000000,13:17:03:18.906,0
D,409,220623630201652,1000000000,13:17:03:18.906,0
V,410,220623663551712,1000000000,13:17:03:19.906,0
D,410,220623663551712,1000000000,13:17:03:19.906,0
V,411,220623696883841,1000000000,13:17:03:20.906,0
D,411,220623696883841,1000000000,13:17:03:20.906,0
V,412,220623730220525,1000000000,13:17:03:21.906,0
D,412,220623730220526,1000000000,13:17:03:21.906,0
V,413,220623763558490,1000000000,13:17:03:22.906,0
D,413,220623763558489,1000000000,13:17:03:22.906,0
V,414,220623796886297,1000000000,13:17:03:23.906,0
D,414,220623796886297,1000000000,13:17:03:23.906,0
V,415,220623830229635,1000000000,13:17:03:24.906,0
D,415,220623830229635,1000000000,13:17:03:24.906,0
V,416,220623863567057,1000000000,13:17:03:25.907,0
D,416,220623863567057,1000000000,13:17:03:25.907,0
V,417,220623896897534,1000000000,13:17:03:26.906,0
D,417,220623896897533,1000000000,13:17:03:26.906,0
V,418,220623930218414,1000000000,13:17:03:27.906,0
D,418,220623930218412,1000000000,13:17:03:27.906,0
V,419,220623963568888,1000000000,13:17:03:28.907,0
D,419,220623963568889,1000000000,13:17:03:28.907,0
V,420,220623996899726,1000000000,13:17:03:29.906,0
D,420,220623996899726,1000000000,13:17:03:29.906,0
V,421,220624030237746,1000000000,13:17:04:00.907,0
D,421,220624030237745,1000000000,13:17:04:00.907,0
V,422,220624063568540,1000000000,13:17:04:01.907,0
D,422,220624063568541,1000000000,13:17:04:01.907,0
V,423,220624096905558,1000000000,13:17:04:02.907,0
D,423,220624096905558,1000000000,13:17:04:02.907,0
V,424,220624130241398,1000000000,13:17:04:03.907,0
D,424,220624130241397,1000000000,13:17:04:03.907,0
V,425,220624163568319,1000000000,13:17:04:04.907,0
D,425,220624163568320,1000000000,13:17:04:04.907,0
V,426,220624196915419,1000000000,13:17:04:05.907,0
D,426,220624196915418,1000000000,13:17:04:05.907,0
V,427,220624230247674,1000000000,13:17:04:06.907,0
D,427,220624230247674,1000000000,13:17:04:06.907,0
V,428,220624263581149,1000000000,13:17:04:07.907,0
D,428,220624263581149,1000000000,13:17:04:07.907,0
V,429,220624296905821,1000000000,13:17:04:08.907,0
D,429,220624296905822,1000000000,13:17:04:08.907,0
V,430,220624330245005,1000000000,13:17:04:09.907,0
D,430,220624330245005,1000000000,13:17:04:09.907,0
V,431,220624363573261,1000000000,13:17:04:10.907,0
D,431,220624363573261,1000000000,13:17:04:10.907,0
V,432,220624396912351,1000000000,13:17:04:11.907,0
D,432,220624396912351,1000000000,13:17:04:11.907,0
V,433,220624430262658,1000000000,13:17:04:12.907,0
D,433,220624430262659,1000000000,13:17:04:12.907,0
V,434,220624463591164,1000000000,13:17:04:13.907,0
D,434,220624463591164,1000000000,13:17:04:13.907,0
V,435,220624496922472,1000000000,13:17:04:14.907,0
D,435,220624496922473,1000000000,13:17:04:14.907,0
V,436,220624530249143,1000000000,13:17:04:15.907,0
D,436,220624530249144,1000000000,13:17:04:15.907,0
V,437,220624563597245,1000000000,13:17:04:16.907,0
D,437,220624563597245,1000000000,13:17:04:16.907,0
V,438,220624596919875,1000000000,13:17:04:17.907,0
D,438,220624596919875,1000000000,13:17:04:17.907,0
V,439,220624630264892,1000000000,13:17:04:18.907,0
D,439,220624630264892,1000000000,13:17:04:18.907,0
V,440,220624663605982,1000000000,13:17:04:19.908,0
D,440,220624663605982,1000000000,13:17:04:19.908,0
V,441,220624696941819,1000000000,13:17:04:20.908,0
D,441,220624696941820,1000000000,13:17:04:20.908,0
V,442,220624730275376,1000000000,13:17:04:21.908,0
D,442,220624730275376,1000000000,13:17:04:21.908,0
V,443,220624763602963,1000000000,13:17:04:22.908,0
D,443,220624763602964,1000000000,13:17:04:22.908,0
V,444,220624796943149,1000000000,13:17:04:23.908,0
D,444,220624796943150,1000000000,13:17:04:23.908,0
V,445,220624830265695,1000000000,13:17:04:24.907,0
D,445,220624830265695,1000000000,13:17:04:24.907,0
V,446,220624863618670,1000000000,13:17:04:25.908,0
D,446,220624863618670,1000000000,13:17:04:25.908,0
V,447,220624896937341,1000000000,13:17:04:26.908,0
D,447,220624896937341,1000000000,13:17:04:26.908,0
V,448,220624930284181,1000000000,13:17:04:27.908,0
D,448,220624930284181,1000000000,13:17:04:27.908,0
V,449,220624963619239,1000000000,13:17:04:28.908,0
D,449,220624963619240,1000000000,13:17:04:28.908,0
V,450,220624996956909,1000000000,13:17:04:29.908,0
D,450,220624996956910,1000000000,13:17:04:29.908,0
V,451,220625030283261,1000000000,13:17:05:00.908,0
D,451,220625030283261,1000000000,13:17:05:00.908,0
V,452,220625063626392,1000000000,13:17:05:01.908,0
D,452,220625063626392,1000000000,13:17:05:01.908,0
V,453,220625096952118,1000000000,13:17:05:02.908,0
D,453,220625096952119,1000000000,13:17:05:02.908,0
V,454,220625130291874,1000000000,13:17:05:03.908,0
D,454,220625130291873,1000000000,13:17:05:03.908,0
V,455,220625163622337,1000000000,13:17:05:04.908,0
D,455,220625163622337,1000000000,13:17:05:04.908,0
V,456,220625196962979,1000000000,13:17:05:05.908,0
D,456,220625196962979,1000000000,13:17:05:05.908,0
V,457,220625230299026,1000000000,13:17:05:06.908,0
D,457,220625230299026,1000000000,13:17:05:06.908,0
V,458,220625263628667,1000000000,13:17:05:07.908,0
D,458,220625263628668,1000000000,13:17:05:07.908,0
V,459,220625296959173,1000000000,13:17:05:08.908,0
D,459,220625296959172,1000000000,13:17:05:08.908,0
V,460,220625330301108,1000000000,13:17:05:09.909,0
D,460,220625330301108,1000000000,13:17:05:09.909,0
V,461,220625363644528,1000000000,13:17:05:10.909,0
D,461,220625363644529,1000000000,13:17:05:10.909,0
V,462,220625396964837,1000000000,13:17:05:11.908,0
D,462,220625396964837,1000000000,13:17:05:11.908,0
V,463,220625430298384,1000000000,13:17:05:12.908,0
D,463,220625430298384,1000000000,13:17:05:12.908,0
V,464,220625463647388,1000000000,13:17:05:13.909,0
D,464,220625463647387,1000000000,13:17:05:13.909,0
V,465,220625496970449,1000000000,13:17:05:14.909,0
D,465,220625496970449,1000000000,13:17:05:14.909,0
V,466,220625530315452,1000000000,13:17:05:15.909,0
D,466,220625530315452,1000000000,13:17:05:15.909,0
V,467,220625563653471,1000000000,13:17:05:16.909,0
D,467,220625563653471,1000000000,13:17:05:16.909,0
V,468,220625596973642,1000000000,13:17:05:17.909,0
D,468,220625596973642,1000000000,13:17:05:17.909,0
V,469,220625630324451,1000000000,13:17:05:18.909,0
D,469,220625630324451,1000000000,13:17:05:18.909,0
V,470,220625663649540,1000000000,13:17:05:19.909,0
D,470,220625663649540,1000000000,13:17:05:19.909,0
V,471,220625696992253,1000000000,13:17:05:20.909,0
D,471,220625696992253,1000000000,13:17:05:20.909,0
V,472,220625730323687,1000000000,13:17:05:21.909,0
D,472,220625730323685,1000000000,13:17:05:21.909,0
V,473,220625763653275,1000000000,13:17:05:22.909,0
D,473,220625763653275,1000000000,13:17:05:22.909,0
V,474,220625796993208,1000000000,13:17:05:23.909,0
D,474,220625796993209,1000000000,13:17:05:23.909,0
V,475,220625830323881,1000000000,13:17:05:24.909,0
D,475,220625830323880,1000000000,13:17:05:24.909,0
V,476,220625863666064,1000000000,13:17:05:25.909,0
D,476,220625863666064,1000000000,13:17:05:25.909,0
V,477,220625897000569,1000000000,13:17:05:26.910,0
D,477,220625897000570,1000000000,13:17:05:26.910,0
V,478,220625930335920,1000000000,13:17:05:27.910,0
D,478,220625930335920,1000000000,13:17:05:27.910,0
V,479,220625963663842,1000000000,13:17:05:28.909,0
D,479,220625963663842,1000000000,13:17:05:28.909,0
V,480,220625997000930,1000000000,13:17:05:29.910,0
D,480,220625997000930,1000000000,13:17:05:29.910,0
V,481,220626030332948,1000000000,13:17:06:00.909,0
D,481,220626030332948,1000000000,13:17:06:00.909,0
V,482,220626063678995,1000000000,13:17:06:01.910,0
D,482,220626063678995,1000000000,13:17:06:01.910,0
V,483,220626097007428,1000000000,13:17:06:02.910,0
D,483,220626097007428,1000000000,13:17:06:02.910,0
V,484,220626130336767,1000000000,13:17:06:03.910,0
D,484,220626130336768,1000000000,13:17:06:03.910,0
V,485,220626163681410,1000000000,13:17:06:04.910,0
D,485,220626163681409,1000000000,13:17:06:04.910,0
V,486,220626197004498,1000000000,13:17:06:05.910,0
D,486,220626197004498,1000000000,13:17:06:05.910,0
V,487,220626230339168,1000000000,13:17:06:06.910,0
D,487,220626230339168,1000000000,13:17:06:06.910,0
V,488,220626263680728,1000000000,13:17:06:07.910,0
D,488,220626263680728,1000000000,13:17:06:07.910,0
V,489,220626297010858,1000000000,13:17:06:08.910,0
D,489,220626297010857,1000000000,13:17:06:08.910,0
V,490,220626330362500,1000000000,13:17:06:09.910,0
D,490,220626330362500,1000000000,13:17:06:09.910,0
V,491,220626363697091,1000000000,13:17:06:10.910,0
D,491,220626363697090,1000000000,13:17:06:10.910,0
V,492,220626397026064,1000000000,13:17:06:11.910,0
D,492,220626397026064,1000000000,13:17:06:11.910,0
V,493,220626430368319,1000000000,13:17:06:12.911,0
D,493,220626430368318,1000000000,13:17:06:12.911,0
V,494,220626463695003,1000000000,13:17:06:13.910,0
D,494,220626463695004,1000000000,13:17:06:13.910,0
V,495,220626497022591,1000000000,13:17:06:14.910,0
D,495,220626497022591,1000000000,13:17:06:14.910,0
V,496,220626530368387,1000000000,13:17:06:15.911,0
D,496,220626530368388,1000000000,13:17:06:15.911,0
V,497,220626563707240,1000000000,13:17:06:16.911,0
D,497,220626563707240,1000000000,13:17:06:16.911,0
V,498,220626597032870,1000000000,13:17:06:17.910,0
D,498,220626597032869,1000000000,13:17:06:17.910,0
V,499,220626630371053,1000000000,13:17:06:18.911,0
D,499,220626630371052,1000000000,13:17:06:18.911,0
V,500,220626663698184,1000000000,13:17:06:19.910,0
D,500,220626663698183,1000000000,13:17:06:19.910,0
V,501,220626697039575,1000000000,13:17:06:20.911,0
D,501,220626697039575,1000000000,13:17:06:20.911,0
V,502,220626730367580,1000000000,13:17:06:21.911,0
D,502,220626730367580,1000000000,13:17:06:21.911,0
V,503,220626763714806,1000000000,13:17:06:22.911,0
D,503,220626763714805,1000000000,13:17:06:22.911,0
V,504,220626797044311,1000000000,13:17:06:23.911,0
D,504,220626797044311,1000000000,13:17:06:23.911,0
V,505,220626830374440,1000000000,13:17:06:24.911,0
D,505,220626830374440,1000000000,13:17:06:24.911,0
V,506,220626863717875,1000000000,13:17:06:25.911,0
D,506,220626863717874,1000000000,13:17:06:25.911,0
V,507,220626897042838,1000000000,13:17:06:26.911,0
D,507,220626897042838,1000000000,13:17:06:26.911,0
V,508,220626930386230,1000000000,13:17:06:27.911,0
D,508,220626930386231,1000000000,13:17:06:27.911,0
V,509,220626963710111,1000000000,13:17:06:28.911,0
D,509,220626963710110,1000000000,13:17:06:28.911,0
V,510,220626997059045,1000000000,13:17:06:29.911,0
D,510,220626997059045,1000000000,13:17:06:29.911,0
V,511,220627030399091,1000000000,13:17:07:00.911,0
D,511,220627030399091,1000000000,13:17:07:00.911,0
V,512,220627063715679,1000000000,13:17:07:01.911,0
D,512,220627063715680,1000000000,13:17:07:01.911,0
V,513,220627097067114,1000000000,13:17:07:02.912,0
D,513,220627097067114,1000000000,13:17:07:02.912,0
V,514,220627130397201,1000000000,13:17:07:03.911,0
D,514,220627130397201,1000000000,13:17:07:03.911,0
V,515,220627163735219,1000000000,13:17:07:04.912,0
D,515,220627163735219,1000000000,13:17:07:04.912,0
V,516,220627197075766,1000000000,13:17:07:05.912,0
D,516,220627197075766,1000000000,13:17:07:05.912,0
V,517,220627230400492,1000000000,13:17:07:06.912,0
D,517,220627230400492,1000000000,13:17:07:06.912,0
V,518,220627263746081,1000000000,13:17:07:07.912,0
D,518,220627263746081,1000000000,13:17:07:07.912,0
V,519,220627297067626,1000000000,13:17:07:08.912,0
D,519,220627297067627,1000000000,13:17:07:08.912,0
V,520,220627330403685,1000000000,13:17:07:09.912,0
D,520,220627330403685,1000000000,13:17:07:09.912,0
V,521,220627363751897,1000000000,13:17:07:10.912,0
D,521,220627363751897,1000000000,13:17:07:10.912,0
V,522,220627397084373,1000000000,13:17:07:11.912,0
D,522,220627397084373,1000000000,13:17:07:11.912,0
V,523,220627430403212,1000000000,13:17:07:12.912,0
D,523,220627430403212,1000000000,13:17:07:12.912,0
V,524,220627463745437,1000000000,13:17:07:13.912,0
D,524,220627463745436,1000000000,13:17:07:13.912,0
V,525,220627497071693,1000000000,13:17:07:14.912,0
D,525,220627497071693,1000000000,13:17:07:14.912,0
V,526,220627530418042,1000000000,13:17:07:15.912,0
D,526,220627530418042,1000000000,13:17:07:15.912,0
V,527,220627563760923,1000000000,13:17:07:16.912,0
D,527,220627563760922,1000000000,13:17:07:16.912,0
V,528,220627597079594,1000000000,13:17:07:17.912,0
D,528,220627597079594,1000000000,13:17:07:17.912,0
V,529,220627630422528,1000000000,13:17:07:18.912,0
D,529,220627630422528,1000000000,13:17:07:18.912,0
V,530,220627663767033,1000000000,13:17:07:19.913,0
D,530,220627663767033,1000000000,13:17:07:19.913,0
V,531,220627697091010,1000000000,13:17:07:20.912,0
D,531,220627697091010,1000000000,13:17:07:20.912,0
V,532,220627730423597,1000000000,13:17:07:21.912,0
D,532,220627730423597,1000000000,13:17:07:21.912,0
V,533,220627763760489,1000000000,13:17:07:22.912,0
D,533,220627763760489,1000000000,13:17:07:22.912,0
V,534,220627797104786,1000000000,13:17:07:23.913,0
D,534,220627797104786,1000000000,13:17:07:23.913,0
V,535,220627830439000,1000000000,13:17:07:24.913,0
D,535,220627830439000,1000000000,13:17:07:24.913,0
V,536,220627863770684,1000000000,13:17:07:25.913,0
D,536,220627863770683,1000000000,13:17:07:25.913,0
V,537,220627897095646,1000000000,13:17:07:26.912,0
D,537,220627897095646,1000000000,13:17:07:26.912,0
V,538,220627930437414,1000000000,13:17:07:27.913,0
D,538,220627930437414,1000000000,13:17:07:27.913,0
V,539,220627963767711,1000000000,13:17:07:28.913,0
D,539,220627963767711,1000000000,13:17:07:28.913,0
V,540,220627997114186,1000000000,13:17:07:29.913,0
D,540,220627997114186,1000000000,13:17:07:29.913,0
V,541,220628030452276,1000000000,13:17:08:00.913,0
D,541,220628030452276,1000000000,13:17:08:00.913,0
V,542,220628063784002,1000000000,13:17:08:01.913,0
D,542,220628063784001,1000000000,13:17:08:01.913,0
V,543,220628097122008,1000000000,13:17:08:02.913,0
D,543,220628097122007,1000000000,13:17:08:02.913,0
V,544,220628130441470,1000000000,13:17:08:03.913,0
D,544,220628130441470,1000000000,13:17:08:03.913,0
V,545,220628163783238,1000000000,13:17:08:04.913,0
D,545,220628163783237,1000000000,13:17:08:04.913,0
V,546,220628197114242,1000000000,13:17:08:05.913,0
D,546,220628197114242,1000000000,13:17:08:05.913,0
V,547,220628230459633,1000000000,13:17:08:06.913,0
D,547,220628230459633,1000000000,13:17:08:06.913,0
V,548,220628263782514,1000000000,13:17:08:07.913,0
D,548,220628263782514,1000000000,13:17:08:07.913,0
V,549,220628297126489,1000000000,13:17:08:08.913,0
D,549,220628297126490,1000000000,13:17:08:08.913,0
V,550,220628330462538,1000000000,13:17:08:09.913,0
D,550,220628330462538,1000000000,13:17:08:09.913,0
V,551,220628363801540,1000000000,13:17:08:10.914,0
D,551,220628363801540,1000000000,13:17:08:10.914,0
V,552,220628397128057,1000000000,13:17:08:11.913,0
D,552,220628397128057,1000000000,13:17:08:11.913,0
V,553,220628430454186,1000000000,13:17:08:12.913,0
D,553,220628430454187,1000000000,13:17:08:12.913,0
V,554,220628463801870,1000000000,13:17:08:13.914,0
D,554,220628463801871,1000000000,13:17:08:13.914,0
V,555,220628497125000,1000000000,13:17:08:14.913,0
D,555,220628497125000,1000000000,13:17:08:14.913,0
V,556,220628530471519,1000000000,13:17:08:15.914,0
D,556,220628530471519,1000000000,13:17:08:15.914,0
V,557,220628563794024,1000000000,13:17:08:16.913,0
D,557,220628563794024,1000000000,13:17:08:16.913,0
V,558,220628597136361,1000000000,13:17:08:17.914,0
D,558,220628597136361,1000000000,13:17:08:17.914,0
V,559,220628630469714,1000000000,13:17:08:18.914,0
D,559,220628630469714,1000000000,13:17:08:18.914,0
V,560,220628663817803,1000000000,13:17:08:19.914,0
D,560,220628663817802,1000000000,13:17:08:19.914,0
V,561,220628697152986,1000000000,13:17:08:20.914,0
D,561,220628697152987,1000000000,13:17:08:20.914,0
V,562,220628730487159,1000000000,13:17:08:21.914,0
D,562,220628730487158,1000000000,13:17:08:21.914,0
V,563,220628763817675,1000000000,13:17:08:22.914,0
D,563,220628763817675,1000000000,13:17:08:22.914,0
V,564,220628797144931,1000000000,13:17:08:23.914,0
D,564,220628797144931,1000000000,13:17:08:23.914,0
V,565,220628830493365,1000000000,13:17:08:24.914,0
D,565,220628830493364,1000000000,13:17:08:24.914,0
V,566,220628863810203,1000000000,13:17:08:25.914,0
D,566,220628863810203,1000000000,13:17:08:25.914,0
V,567,220628897152915,1000000000,13:17:08:26.914,0
D,567,220628897152916,1000000000,13:17:08:26.914,0
V,568,220628930496516,1000000000,13:17:08:27.914,0
D,568,220628930496516,1000000000,13:17:08:27.914,0
V,569,220628963820564,1000000000,13:17:08:28.914,0
D,569,220628963820564,1000000000,13:17:08:28.914,0
V,570,220628997161122,1000000000,13:17:08:29.914,0
D,570,220628997161122,1000000000,13:17:08:29.914,0
V,571,220629030504919,1000000000,13:17:09:00.915,0
D,571,220629030504919,1000000000,13:17:09:00.915,0
V,572,220629063822770,1000000000,13:17:09:01.914,0
D,572,220629063822769,1000000000,13:17:09:01.914,0
V,573,220629097156775,1000000000,13:17:09:02.914,0
D,573,220629097156775,1000000000,13:17:09:02.914,0
V,574,220629130508989,1000000000,13:17:09:03.915,0
D,574,220629130508989,1000000000,13:17:09:03.915,0
V,575,220629163842630,1000000000,13:17:09:04.915,0
D,575,220629163842630,1000000000,13:17:09:04.915,0
V,576,220629197173303,1000000000,13:17:09:05.915,0
D,576,220629197173303,1000000000,13:17:09:05.915,0
V,577,220629230511694,1000000000,13:17:09:06.915,0
D,577,220629230511694,1000000000,13:17:09:06.915,0
V,578,220629263833616,1000000000,13:17:09:07.915,0
D,578,220629263833616,1000000000,13:17:09:07.915,0
V,579,220629297180383,1000000000,13:17:09:08.915,0
D,579,220629297180383,1000000000,13:17:09:08.915,0
V,580,220629330508347,1000000000,13:17:09:09.915,0
D,580,220629330508348,1000000000,13:17:09:09.915,0
V,581,220629363851321,1000000000,13:17:09:10.915,0
D,581,220629363851322,1000000000,13:17:09:10.915,0
V,582,220629397172494,1000000000,13:17:09:11.915,0
D,582,220629397172494,1000000000,13:17:09:11.915,0
V,583,220629430527623,1000000000,13:17:09:12.915,0
D,583,220629430527623,1000000000,13:17:09:12.915,0
V,584,220629463860725,1000000000,13:17:09:13.915,0
D,584,220629463860725,1000000000,13:17:09:13.915,0
V,585,220629497186479,1000000000,13:17:09:14.915,0
D,585,220629497186479,1000000000,13:17:09:14.915,0
V,586,220629530523372,1000000000,13:17:09:15.915,0
D,586,220629530523372,1000000000,13:17:09:15.915,0
V,587,220629563865045,1000000000,13:17:09:16.915,0
D,587,220629563865044,1000000000,13:17:09:16.915,0
V,588,220629597197143,1000000000,13:17:09:17.915,0
D,588,220629597197143,1000000000,13:17:09:17.915,0
V,589,220629630536483,1000000000,13:17:09:18.916,0
D,589,220629630536483,1000000000,13:17:09:18.916,0
V,590,220629663870109,1000000000,13:17:09:19.916,0
D,590,220629663870109,1000000000,13:17:09:19.916,0
V,591,220629697190627,1000000000,13:17:09:20.915,0
D,591,220629697190627,1000000000,13:17:09:20.915,0
V,592,220629730523299,1000000000,13:17:09:21.915,0
D,592,220629730523298,1000000000,13:17:09:21.915,0
V,593,220629763871275,1000000000,13:17:09:22.916,0
D,593,220629763871275,1000000000,13:17:09:22.916,0
V,594,220629797196946,1000000000,13:17:09:23.915,0
D,594,220629797196946,1000000000,13:17:09:23.915,0
V,595,220629830541629,1000000000,13:17:09:24.916,0
D,595,220629830541630,1000000000,13:17:09:24.916,0
V,596,220629863868051,1000000000,13:17:09:25.916,0
D,596,220629863868052,1000000000,13:17:09:25.916,0
V,597,220629897211528,1000000000,13:17:09:26.916,0
D,597,220629897211528,1000000000,13:17:09:26.916,0
V,598,220629930543366,1000000000,13:17:09:27.916,0
D,598,220629930543366,1000000000,13:17:09:27.916,0
V,599,220629963876245,1000000000,13:17:09:28.916,0
D,599,220629963876245,1000000000,13:17:09:28.916,0
V,600,220629997220181,1000000000,13:17:09:29.916,0
D,600,220629997220182,1000000000,13:17:09:29.916,0
V,601,220630030557728,1000000000,13:17:10:00.916,0
D,601,220630030557728,1000000000,13:17:10:00.916,0
V,602,220630063886912,1000000000,13:17:10:01.916,0
D,602,220630063886912,1000000000,13:17:10:01.916,0
V,603,220630097212083,1000000000,13:17:10:02.916,0
D,603,220630097212083,1000000000,13:17:10:02.916,0
V,604,220630130554726,1000000000,13:17:10:03.916,0
D,604,220630130554727,1000000000,13:17:10:03.916,0
V,605,220630163897357,1000000000,13:17:10:04.916,0
D,605,220630163897356,1000000000,13:17:10:04.916,0
V,606,220630197214665,1000000000,13:17:10:05.916,0
D,606,220630197214666,1000000000,13:17:10:05.916,0
V,607,220630230559670,1000000000,13:17:10:06.916,0
D,607,220630230559670,1000000000,13:17:10:06.916,0
V,608,220630263884883,1000000000,13:17:10:07.916,0
D,608,220630263884883,1000000000,13:17:10:07.916,0
V,609,220630297231609,1000000000,13:17:10:08.916,0
D,609,220630297231608,1000000000,13:17:10:08.916,0
V,610,220630330557111,1000000000,13:17:10:09.916,0
D,610,220630330557111,1000000000,13:17:10:09.916,0
V,611,220630363903254,1000000000,13:17:10:10.917,0
D,611,220630363903255,1000000000,13:17:10:10.917,0
V,612,220630397224967,1000000000,13:17:10:11.916,0
D,612,220630397224967,1000000000,13:17:10:11.916,0
V,613,220630430573485,1000000000,13:17:10:12.917,0
D,613,220630430573485,1000000000,13:17:10:12.917,0
V,614,220630463897905,1000000000,13:17:10:13.916,0
D,614,220630463897905,1000000000,13:17:10:13.916,0
V,615,220630497229828,1000000000,13:17:10:14.916,0
D,615,220630497229828,1000000000,13:17:10:14.916,0
V,616,220630530579594,1000000000,13:17:10:15.917,0
D,616,220630530579595,1000000000,13:17:10:15.917,0
V,617,220630563902849,1000000000,13:17:10:16.917,0
D,617,220630563902849,1000000000,13:17:10:16.917,0
V,618,220630597244493,1000000000,13:17:10:17.917,0
D,618,220630597244492,1000000000,13:17:10:17.917,0
V,619,220630630570873,1000000000,13:17:10:18.917,0
D,619,220630630570872,1000000000,13:17:10:18.917,0
V,620,220630663921765,1000000000,13:17:10:19.917,0
D,620,220630663921765,1000000000,13:17:10:19.917,0
V,621,220630697241729,1000000000,13:17:10:20.917,0
D,621,220630697241730,1000000000,13:17:10:20.917,0
V,622,220630730580525,1000000000,13:17:10:21.917,0
D,622,220630730580525,1000000000,13:17:10:21.917,0
V,623,220630763911126,1000000000,13:17:10:22.917,0
D,623,220630763911125,1000000000,13:17:10:22.917,0
V,624,220630797263173,1000000000,13:17:10:23.917,0
D,624,220630797263173,1000000000,13:17:10:23.917,0
V,625,220630830594315,1000000000,13:17:10:24.917,0
D,625,220630830594315,1000000000,13:17:10:24.917,0
V,626,220630863915987,1000000000,13:17:10:25.917,0
D,626,220630863915987,1000000000,13:17:10:25.917,0
V,627,220630897267796,1000000000,13:17:10:26.918,0
D,627,220630897267797,1000000000,13:17:10:26.918,0
V,628,220630930606176,1000000000,13:17:10:27.918,0
D,628,220630930606175,1000000000,13:17:10:27.918,0
V,629,220630963921902,1000000000,13:17:10:28.917,0
D,629,220630963921902,1000000000,13:17:10:28.917,0
V,630,220630997268488,1000000000,13:17:10:29.918,0
D,630,220630997268489,1000000000,13:17:10:29.918,0
V,631,220631030593993,1000000000,13:17:11:00.917,0
D,631,220631030593993,1000000000,13:17:11:00.917,0
V,632,220631063946387,1000000000,13:17:11:01.918,0
D,632,220631063946387,1000000000,13:17:11:01.918,0
V,633,220631097277057,1000000000,13:17:11:02.918,0
D,633,220631097277057,1000000000,13:17:11:02.918,0
V,634,220631130611283,1000000000,13:17:11:03.918,0
D,634,220631130611283,1000000000,13:17:11:03.918,0
V,635,220631163934954,1000000000,13:17:11:04.918,0
D,635,220631163934954,1000000000,13:17:11:04.918,0
V,636,220631197276681,1000000000,13:17:11:05.918,0
D,636,220631197276682,1000000000,13:17:11:05.918,0
V,637,220631230616684,1000000000,13:17:11:06.918,0
D,637,220631230616685,1000000000,13:17:11:06.918,0
V,638,220631263941940,1000000000,13:17:11:07.918,0
D,638,220631263941940,1000000000,13:17:11:07.918,0
V,639,220631297284499,1000000000,13:17:11:08.918,0
D,639,220631297284499,1000000000,13:17:11:08.918,0
V,640,220631330613795,1000000000,13:17:11:09.918,0
D,640,220631330613795,1000000000,13:17:11:09.918,0
V,641,220631363957523,1000000000,13:17:11:10.918,0
D,641,220631363957523,1000000000,13:17:11:10.918,0
V,642,220631397291067,1000000000,13:17:11:11.918,0
D,642,220631397291067,1000000000,13:17:11:11.918,0
V,643,220631430628294,1000000000,13:17:11:12.918,0
D,643,220631430628294,1000000000,13:17:11:12.918,0
V,644,220631463948756,1000000000,13:17:11:13.918,0
D,644,220631463948757,1000000000,13:17:11:13.918,0
V,645,220631497299483,1000000000,13:17:11:14.918,0
D,645,220631497299484,1000000000,13:17:11:14.918,0
V,646,220631530635362,1000000000,13:17:11:15.919,0
D,646,220631530635361,1000000000,13:17:11:15.919,0
V,647,220631563962950,1000000000,13:17:11:16.918,0
D,647,220631563962950,1000000000,13:17:11:16.918,0
V,648,220631597289928,1000000000,13:17:11:17.918,0
D,648,220631597289928,1000000000,13:17:11:17.918,0
V,649,220631630622893,1000000000,13:17:11:18.918,0
D,649,220631630622894,1000000000,13:17:11:18.918,0
V,650,220631663973702,1000000000,13:17:11:19.919,0
D,650,220631663973701,1000000000,13:17:11:19.919,0
V,651,220631697309248,1000000000,13:17:11:20.919,0
D,651,220631697309247,1000000000,13:17:11:20.919,0
V,652,220631730636433,1000000000,13:17:11:21.919,0
D,652,220631730636433,1000000000,13:17:11:21.919,0
V,653,220631763981604,1000000000,13:17:11:22.919,0
D,653,220631763981603,1000000000,13:17:11:22.919,0
V,654,220631797311247,1000000000,13:17:11:23.919,0
D,654,220631797311247,1000000000,13:17:11:23.919,0
V,655,220631830647836,1000000000,13:17:11:24.919,0
D,655,220631830647836,1000000000,13:17:11:24.919,0
V,656,220631863974631,1000000000,13:17:11:25.919,0
D,656,220631863974632,1000000000,13:17:11:25.919,0
V,657,220631897318150,1000000000,13:17:11:26.919,0
D,657,220631897318149,1000000000,13:17:11:26.919,0
V,658,220631930639570,1000000000,13:17:11:27.919,0
D,658,220631930639570,1000000000,13:17:11:27.919,0
V,659,220631963989297,1000000000,13:17:11:28.919,0
D,659,220631963989296,1000000000,13:17:11:28.919,0
V,660,220631997322339,1000000000,13:17:11:29.919,0
D,660,220631997322338,1000000000,13:17:11:29.919,0
V,661,220632030661815,1000000000,13:17:12:00.919,0
D,661,220632030661815,1000000000,13:17:12:00.919,0
V,662,220632063993569,1000000000,13:17:12:01.919,0
D,662,220632063993568,1000000000,13:17:12:01.919,0
V,663,220632097321782,1000000000,13:17:12:02.919,0
D,663,220632097321782,1000000000,13:17:12:02.919,0
V,664,220632130665591,1000000000,13:17:12:03.919,0
D,664,220632130665592,1000000000,13:17:12:03.919,0
V,665,220632163999095,1000000000,13:17:12:04.919,0
